timestamp,step,wfn,decision,notes,actor,role,message,action
2025-12-11T11:16:32.625897+00:00,requirements_presented,123456,presented,"{""campaign"": {""WFN"": ""123456"", ""Client"": ""ALSH"", ""Target_Criteria"": ""target the CHs with open account,purchase active in last 6 months and Email eligible for marketing "", ""Channel"": ""EM"", ""EM File Layout"": ""Misc_01 = First_Name"", ""DM File layout"": """", ""Segment"": ""Test and Control""}, ""segments_count"": 4}",,,,
2025-12-11T11:16:32.630458+00:00,requirements_approved,123456,yes,,,,,
2025-12-11T11:16:32.642170+00:00,code_generated,123456,generated,len=14843,,,,
2025-12-11T11:16:32.645161+00:00,code_approved,123456,yes,iterations=0,,,,
2025-12-11T11:46:45.755505+00:00,,123456,,,campaign_agent,present,Campaign (Client=ALSH) WFN: 123456 Client: ALSH Target_Criteria: target the CHs with open account;purchase active in last 6 months and Email eligible for marketing  Channel: EM Segments:  - {'WFN': '123456'; 'T_C_IND': 'T'; 'Split': '90%'; 'Channel': 'EM'; 'LANG_IND': 'EN'; 'COMM_CODE': 'ALOPXX123ENTK'; 'CIS MEMO': 'ELIGIBLE FOR BNPL'}  - {'WFN': '123456'; 'T_C_IND': 'C'; 'Split': '10%'; 'Channel': ''; 'LANG_IND': 'EN'; 'COMM_CODE': 'ALOPXX123ENCK'; 'CIS MEMO': 'ELIGIBLE FOR BNPL'}  - {'WFN': '123456'; 'T_C_IND': 'T'; 'Split': '90%'; 'Channel': 'EM'; 'LANG_IND': 'SP'; 'COMM_CODE': 'ALOPXX123SPTK'; 'CIS MEMO': 'ELIGIBLE FOR BNPL'}  - {'WFN': '123456'; 'T_C_IND': 'C'; 'Split': '10%'; 'Channel': ''; 'LANG_IND': 'SP'; 'COMM_CODE': 'ALOPXX123SPCK'; 'CIS MEMO': 'ELIGIBLE FOR BNPL'},present_requirements
2025-12-11T11:46:45.772745+00:00,,123456,,,orchestrator,info,requirements presented,present_requirements
2025-12-11T11:46:45.777545+00:00,,123456,,,orchestrator,info,requirements approved (simulated),requirements_approved
2025-12-11T11:46:45.782103+00:00,,123456,,,code_agent,warning,LLM failed or returned unusable text: LLM returned no usable SAS.,generate_fallback
2025-12-11T11:46:45.785963+00:00,,123456,,,code_agent,generated_fallback,/* Fallback generated SAS */ /* WFN: 123456 */ /* CLIENT: ALSH */ /************************************************************************   SAS Program to:    - Load segmentation_requirements & campaign_requirements (pipe-delim)    - Pull account_dim; apply target criteria and suppressions    - Do Test/Control split per segmentation matrix for WFN=XXXXXX    - Create analysis dataset (all eligible + segment flag)    - Create ALSH_EM_seeds export dataset with required fields    - Write export file using code_kb filename logic   Notes:    - Files used (uploaded): segmentation_requirements.txt; campaign_requirements.txt; code_kb.txt      (these contain the segmentation and campaign rules and the file-write template).     - Adjust libnames & account_dim variable names mapping as needed (see placeholders below). ************************************************************************/  /* ------------- MACROS & SETTINGS ------------- */ J3456; %let src_lib = src; /* change to the libname w,generate_code_fallback
2025-12-11T11:46:45.790694+00:00,,123456,,,orchestrator,info,code generated,code_generated
2025-12-11T11:46:45.794895+00:00,,123456,,,audit_agent,audit_fallback,"{""passed"": true; ""issues"": []}",audit_fallback
2025-12-11T11:46:45.799001+00:00,,123456,,,orchestrator,info,code approved and saved to /home/sagemaker-user/AI-COPS/data/generated_sas_123456.sas,code_saved
2025-12-11T11:46:51.818732+00:00,,123456,,,campaign_agent,present,Campaign (Client=ALSH) WFN: 123456 Client: ALSH Target_Criteria: target the CHs with open account;purchase active in last 6 months and Email eligible for marketing  Channel: EM Segments:  - {'WFN': '123456'; 'T_C_IND': 'T'; 'Split': '90%'; 'Channel': 'EM'; 'LANG_IND': 'EN'; 'COMM_CODE': 'ALOPXX123ENTK'; 'CIS MEMO': 'ELIGIBLE FOR BNPL'}  - {'WFN': '123456'; 'T_C_IND': 'C'; 'Split': '10%'; 'Channel': ''; 'LANG_IND': 'EN'; 'COMM_CODE': 'ALOPXX123ENCK'; 'CIS MEMO': 'ELIGIBLE FOR BNPL'}  - {'WFN': '123456'; 'T_C_IND': 'T'; 'Split': '90%'; 'Channel': 'EM'; 'LANG_IND': 'SP'; 'COMM_CODE': 'ALOPXX123SPTK'; 'CIS MEMO': 'ELIGIBLE FOR BNPL'}  - {'WFN': '123456'; 'T_C_IND': 'C'; 'Split': '10%'; 'Channel': ''; 'LANG_IND': 'SP'; 'COMM_CODE': 'ALOPXX123SPCK'; 'CIS MEMO': 'ELIGIBLE FOR BNPL'},present_requirements
2025-12-11T11:46:51.822514+00:00,,123456,,,orchestrator,info,requirements presented,present_requirements
2025-12-11T11:46:51.825921+00:00,,123456,,,orchestrator,info,requirements approved (simulated),requirements_approved
2025-12-11T11:46:51.829677+00:00,,123456,,,code_agent,warning,LLM failed or returned unusable text: LLM returned no usable SAS.,generate_fallback
2025-12-11T11:46:51.833602+00:00,,123456,,,code_agent,generated_fallback,/* Fallback generated SAS */ /* WFN: 123456 */ /* CLIENT: ALSH */ /************************************************************************   SAS Program to:    - Load segmentation_requirements & campaign_requirements (pipe-delim)    - Pull account_dim; apply target criteria and suppressions    - Do Test/Control split per segmentation matrix for WFN=XXXXXX    - Create analysis dataset (all eligible + segment flag)    - Create ALSH_EM_seeds export dataset with required fields    - Write export file using code_kb filename logic   Notes:    - Files used (uploaded): segmentation_requirements.txt; campaign_requirements.txt; code_kb.txt      (these contain the segmentation and campaign rules and the file-write template).     - Adjust libnames & account_dim variable names mapping as needed (see placeholders below). ************************************************************************/  /* ------------- MACROS & SETTINGS ------------- */ J3456; %let src_lib = src; /* change to the libname w,generate_code_fallback
2025-12-11T11:46:51.837492+00:00,,123456,,,orchestrator,info,code generated,code_generated
2025-12-11T11:46:51.841595+00:00,,123456,,,audit_agent,audit_fallback,"{""passed"": true; ""issues"": []}",audit_fallback
2025-12-11T11:46:51.847104+00:00,,123456,,,orchestrator,info,code approved and saved to /home/sagemaker-user/AI-COPS/data/generated_sas_123456.sas,code_saved
2025-12-11T15:02:00.711550+00:00,,123456,,,campaign_agent,present,Campaign (Client=ALSH) WFN: 123456 Client: ALSH Target_Criteria: target the CHs with open account;purchase active in last 6 months and Email eligible for marketing  Channel: EM Segments:  - {'WFN': '123456'; 'T_C_IND': 'T'; 'Split': '90%'; 'Channel': 'EM'; 'LANG_IND': 'EN'; 'COMM_CODE': 'ALOPXX123ENTK'; 'CIS MEMO': 'ELIGIBLE FOR BNPL'}  - {'WFN': '123456'; 'T_C_IND': 'C'; 'Split': '10%'; 'Channel': ''; 'LANG_IND': 'EN'; 'COMM_CODE': 'ALOPXX123ENCK'; 'CIS MEMO': 'ELIGIBLE FOR BNPL'}  - {'WFN': '123456'; 'T_C_IND': 'T'; 'Split': '90%'; 'Channel': 'EM'; 'LANG_IND': 'SP'; 'COMM_CODE': 'ALOPXX123SPTK'; 'CIS MEMO': 'ELIGIBLE FOR BNPL'}  - {'WFN': '123456'; 'T_C_IND': 'C'; 'Split': '10%'; 'Channel': ''; 'LANG_IND': 'SP'; 'COMM_CODE': 'ALOPXX123SPCK'; 'CIS MEMO': 'ELIGIBLE FOR BNPL'},present_requirements
2025-12-11T15:02:00.726102+00:00,,123456,,,orchestrator,info,requirements presented,present_requirements
2025-12-11T15:02:00.730394+00:00,,123456,,,orchestrator,info,requirements approved (simulated),requirements_approved
2025-12-11T15:02:00.735521+00:00,,123456,,,code_agent,warning,LLM failed or returned unusable text: LLM returned no usable SAS.,generate_fallback
2025-12-11T15:02:00.740702+00:00,,123456,,,code_agent,generated_fallback,/* Fallback generated SAS */ /* WFN: 123456 */ /* CLIENT: ALSH */ /************************************************************************   SAS Program to:    - Load segmentation_requirements & campaign_requirements (pipe-delim)    - Pull account_dim; apply target criteria and suppressions    - Do Test/Control split per segmentation matrix for WFN=XXXXXX    - Create analysis dataset (all eligible + segment flag)    - Create ALSH_EM_seeds export dataset with required fields    - Write export file using code_kb filename logic   Notes:    - Files used (uploaded): segmentation_requirements.txt; campaign_requirements.txt; code_kb.txt      (these contain the segmentation and campaign rules and the file-write template).     - Adjust libnames & account_dim variable names mapping as needed (see placeholders below). ************************************************************************/  /* ------------- MACROS & SETTINGS ------------- */ J3456; %let src_lib = src; /* change to the libname w,generate_code_fallback
2025-12-11T15:02:00.744844+00:00,,123456,,,orchestrator,info,code generated,code_generated
2025-12-11T15:02:00.749804+00:00,,123456,,,audit_agent,audit_fallback,"{""passed"": true; ""issues"": []}",audit_fallback
2025-12-11T15:02:00.754118+00:00,,123456,,,orchestrator,info,code approved and saved to /home/sagemaker-user/AI-COPS/data/generated_sas_123456.sas,code_saved
